county_id,name,state,coordinates_lat,coordinates_lon,recent_fires,avg_frp,temperature,humidity,wind_speed,precipitation,ndvi,vegetation_density,fire_risk,historical_fires,suitability_score
sf,San Francisco,California,37.7749,-122.4194,7,3.673583551607364,21.71763830499524,65.43051694954238,17.784053133469357,5.689035369633468,0.6617997194013379,0.6406124662648314,0.6193016972250309,185,37.34310475543913
la,Los Angeles,California,34.0522,-118.2437,19,2.5327284752550825,26.370165044548486,50.74226108859112,2.2446192667666076,3.2400519081624246,0.5844182570538,0.49099624048490775,0.6395819865357115,80,44.854776471245714
